"Source:","D:\OneDriveフォルダ\OneDrive\tokada\03.KiCad\__KICAD_PUBLIC\XIAO_BB\XIAO_BB.kicad_sch"
"Date:","2023/03/05 13:22:28"
"Tool:","Eeschema (6.0.10)"
"Generator:","C:\Program Files\KiCad\6.0\bin\scripting\plugins/bom_csv_grouped_by_value.py"
"Component Count:","128"

"Individual Components:"

"Item","Qty","Reference(s)","Value","LibPart","Footprint","Datasheet"
"","","C1","0.1u","Device:C","Capacitor_SMD:C_0805_2012Metric_Pad1.18x1.45mm_HandSolder","~"
"","","C2","0.1u","Device:C","Capacitor_SMD:C_0805_2012Metric_Pad1.18x1.45mm_HandSolder","~"
"","","C3","100u","Device:C_Polarized","Capacitor_SMD:CP_Elec_6.3x5.4","~"
"","","C4","47u","Device:C_Polarized","Capacitor_SMD:CP_Elec_6.3x5.4","~"
"","","C5","0.1u","Device:C","Capacitor_SMD:C_0805_2012Metric_Pad1.18x1.45mm_HandSolder","~"
"","","C6","0.1u","Device:C","Capacitor_SMD:C_0805_2012Metric_Pad1.18x1.45mm_HandSolder","~"
"","","C7","1u","Device:C","Capacitor_SMD:C_0805_2012Metric_Pad1.18x1.45mm_HandSolder","~"
"","","C8","0.1u","Device:C","Capacitor_SMD:C_0805_2012Metric_Pad1.18x1.45mm_HandSolder","~"
"","","C9","0.1u","Device:C","Capacitor_SMD:C_0805_2012Metric_Pad1.18x1.45mm_HandSolder","~"
"","","C10","0.1u","Device:C","Capacitor_SMD:C_0805_2012Metric_Pad1.18x1.45mm_HandSolder","~"
"","","C11","0.022u","Device:C","Capacitor_SMD:C_0805_2012Metric_Pad1.18x1.45mm_HandSolder","~"
"","","C12","0.01u","Device:C","Capacitor_SMD:C_0805_2012Metric_Pad1.18x1.45mm_HandSolder","~"
"","","C13","0.01u","Device:C","Capacitor_SMD:C_0805_2012Metric_Pad1.18x1.45mm_HandSolder","~"
"","","C14","0.01u","Device:C","Capacitor_SMD:C_0805_2012Metric_Pad1.18x1.45mm_HandSolder","~"
"","","C15","0.01u","Device:C","Capacitor_SMD:C_0805_2012Metric_Pad1.18x1.45mm_HandSolder","~"
"","","C16","0.1u","Device:C","Capacitor_SMD:C_0805_2012Metric_Pad1.18x1.45mm_HandSolder","~"
"","","C17","0.1u","Device:C","Capacitor_SMD:C_0805_2012Metric_Pad1.18x1.45mm_HandSolder","~"
"","","C18","0.1u","Device:C","Capacitor_SMD:C_0805_2012Metric_Pad1.18x1.45mm_HandSolder","~"
"","","C19","1u","Device:C","Capacitor_SMD:C_0805_2012Metric_Pad1.18x1.45mm_HandSolder","~"
"","","C20","0.1u","Device:C","Capacitor_SMD:C_0805_2012Metric_Pad1.18x1.45mm_HandSolder","~"
"","","C21","47p","Device:C","Capacitor_SMD:C_0805_2012Metric_Pad1.18x1.45mm_HandSolder","~"
"","","C22","150p","Device:C","Capacitor_SMD:C_0805_2012Metric_Pad1.18x1.45mm_HandSolder","~"
"","","C23","33n","Device:C","Capacitor_SMD:C_0805_2012Metric_Pad1.18x1.45mm_HandSolder","~"
"","","C24","33n","Device:C","Capacitor_SMD:C_0805_2012Metric_Pad1.18x1.45mm_HandSolder","~"
"","","C25","10u","Device:C","Capacitor_SMD:C_0805_2012Metric_Pad1.18x1.45mm_HandSolder","~"
"","","C26","10u","Device:C","Capacitor_SMD:C_0805_2012Metric_Pad1.18x1.45mm_HandSolder","~"
"","","C27","0.1u","Device:C","Capacitor_SMD:C_0805_2012Metric_Pad1.18x1.45mm_HandSolder","~"
"","","C28","47p","Device:C","Capacitor_SMD:C_0805_2012Metric_Pad1.18x1.45mm_HandSolder","~"
"","","C29","0.47u","Device:C","Capacitor_SMD:C_0805_2012Metric_Pad1.18x1.45mm_HandSolder","~"
"","","C30","4700p","Device:C","Capacitor_SMD:C_0805_2012Metric_Pad1.18x1.45mm_HandSolder","~"
"","","C31","4700p","Device:C","Capacitor_SMD:C_0805_2012Metric_Pad1.18x1.45mm_HandSolder","~"
"","","C32","0.1u","Device:C","Capacitor_SMD:C_0805_2012Metric_Pad1.18x1.45mm_HandSolder","~"
"","","C33","0.1u","Device:C","Capacitor_SMD:C_0805_2012Metric_Pad1.18x1.45mm_HandSolder","~"
"","","C34","47u","Device:C_Polarized","Capacitor_SMD:CP_Elec_6.3x5.4","~"
"","","C35","100p","Device:C","Capacitor_SMD:C_0805_2012Metric_Pad1.18x1.45mm_HandSolder","~"
"","","D1","1S4","Device:D","Diode_THT:D_A-405_P2.54mm_Vertical_AnodeUp","~"
"","","D2","1S4","Device:D_Schottky","Diode_THT:D_A-405_P2.54mm_Vertical_AnodeUp","~"
"","","D3","1N4148","Device:D","MyLib:D_SOD-123HSolder","~"
"","","D4","1N4007","Device:D","Diode_THT:D_A-405_P2.54mm_Vertical_AnodeUp","~"
"","","D5","1S4","Device:D","Diode_THT:D_A-405_P2.54mm_Vertical_AnodeUp","~"
"","","D6","1N4148","Device:D","Diode_THT:D_A-405_P2.54mm_Vertical_AnodeUp","~"
"","","D7","1N4148","Device:D","Diode_THT:D_A-405_P2.54mm_Vertical_AnodeUp","~"
"","","ENC1","EC12E2430803","Device:RotaryEncoder","Rotary_Encoder:RotaryEncoder_Alps_EC12E_Vertical_H20mm","~"
"","","ENC2","EC12E2430803","Device:RotaryEncoder","Rotary_Encoder:RotaryEncoder_Alps_EC12E_Vertical_H20mm","~"
"","","IC1","NJM4558","Amplifier_Operational:RC4558","Package_SO:SO-8_5.3x6.2mm_P1.27mm","http://www.ti.com/lit/ds/symlink/rc4558.pdf"
"","","IC2","NJM4558","Amplifier_Operational:RC4558","Package_SO:SO-8_5.3x6.2mm_P1.27mm","http://www.ti.com/lit/ds/symlink/rc4558.pdf"
"","","J1","MIDI-RCV","Connector_Generic:Conn_01x02","Connector_JST:JST_PH_B2B-PH-K_1x02_P2.00mm_Vertical","~"
"","","J2","DC-9V","Connector_Generic:Conn_01x02","Connector_JST:JST_PH_B2B-PH-K_1x02_P2.00mm_Vertical","~"
"","","J3","INPUT","Connector:AudioJack2","MyLib:Jack_6.35mm_Cliff_S4","~"
"","","J4","OUTPUT","Connector:AudioJack2","MyLib:Jack_6.35mm_Cliff_S4","~"
"","","J5","TEST","Connector_Generic:Conn_01x01","Connector_Pin:Pin_D0.9mm_L10.0mm_W2.4mm_FlatFork","~"
"","","J6","EXT2","Connector_Generic:Conn_01x02","Connector_JST:JST_PH_B2B-PH-K_1x02_P2.00mm_Vertical","~"
"","","J7","EXT3","Connector_Generic:Conn_01x03","Connector_JST:JST_PH_B3B-PH-K_1x03_P2.00mm_Vertical","~"
"","","K1","941H-2C-5D","myGeneral_ICs:RY-941Series","MyLib:Relay_941",""
"","","LCD1","AQM1602Y-NLW","myGeneral_ICs:AQM1602Y-NLW","MyLib:AQM1602",""
"","","LED1","Red","Device:LED","LED_THT:LED_D3.0mm","~"
"","","LED2","Yellow","Device:LED","LED_THT:LED_D3.0mm","~"
"","","LED3","RX","Device:LED","LED_SMD:LED_0805_2012Metric_Pad1.15x1.40mm_HandSolder","~"
"","","Q1","2SC2712","Transistor_BJT:2SC1945","Package_TO_SOT_SMD:SC-59_Handsoldering","http://rtellason.com/transdata/2sc1945.pdf"
"","","Q2","MMBT3904","Transistor_BJT:2N3055","Package_TO_SOT_SMD:SC-59_Handsoldering","http://www.onsemi.com/pub_link/Collateral/2N3055-D.PDF"
"","","Q3","MMBT3904","Transistor_BJT:2N3055","Package_TO_SOT_SMD:SC-59_Handsoldering","http://www.onsemi.com/pub_link/Collateral/2N3055-D.PDF"
"","","R1","1k","Device:R","Resistor_SMD:R_0805_2012Metric_Pad1.20x1.40mm_HandSolder","~"
"","","R2","220R","Device:R","Resistor_SMD:R_0805_2012Metric_Pad1.20x1.40mm_HandSolder","~"
"","","R3","470R","Device:R","Resistor_SMD:R_0805_2012Metric_Pad1.20x1.40mm_HandSolder","~"
"","","R4","10k","Device:R","Resistor_SMD:R_0805_2012Metric_Pad1.20x1.40mm_HandSolder","~"
"","","R5","10k","Device:R","Resistor_SMD:R_0805_2012Metric_Pad1.20x1.40mm_HandSolder","~"
"","","R6","1k","Device:R","Resistor_SMD:R_0805_2012Metric_Pad1.20x1.40mm_HandSolder","~"
"","","R7","4.7k","Device:R","Resistor_SMD:R_0805_2012Metric_Pad1.20x1.40mm_HandSolder","~"
"","","R8","4.7k","Device:R","Resistor_SMD:R_0805_2012Metric_Pad1.20x1.40mm_HandSolder","~"
"","","R9","4.7k","Device:R","Resistor_SMD:R_0805_2012Metric_Pad1.20x1.40mm_HandSolder","~"
"","","R10","4.7k","Device:R","Resistor_SMD:R_0805_2012Metric_Pad1.20x1.40mm_HandSolder","~"
"","","R11","4.7k","Device:R","Resistor_SMD:R_0805_2012Metric_Pad1.20x1.40mm_HandSolder","~"
"","","R12","short","Device:R","Resistor_SMD:R_0805_2012Metric_Pad1.20x1.40mm_HandSolder","~"
"","","R13","4.7k","Device:R","Resistor_SMD:R_0805_2012Metric_Pad1.20x1.40mm_HandSolder","~"
"","","R14","10k","Device:R","Resistor_SMD:R_0805_2012Metric_Pad1.20x1.40mm_HandSolder","~"
"","","R15","10k","Device:R","Resistor_SMD:R_0805_2012Metric_Pad1.20x1.40mm_HandSolder","~"
"","","R16","10k","Device:R","Resistor_SMD:R_0805_2012Metric_Pad1.20x1.40mm_HandSolder","~"
"","","R17","10k","Device:R","Resistor_SMD:R_0805_2012Metric_Pad1.20x1.40mm_HandSolder","~"
"","","R18","10k","Device:R","Resistor_SMD:R_0805_2012Metric_Pad1.20x1.40mm_HandSolder","~"
"","","R19","10k","Device:R","Resistor_SMD:R_0805_2012Metric_Pad1.20x1.40mm_HandSolder","~"
"","","R20","10k","Device:R","Resistor_SMD:R_0805_2012Metric_Pad1.20x1.40mm_HandSolder","~"
"","","R21","10k","Device:R","Resistor_SMD:R_0805_2012Metric_Pad1.20x1.40mm_HandSolder","~"
"","","R22","4.7k","Device:R","Resistor_SMD:R_0805_2012Metric_Pad1.20x1.40mm_HandSolder","~"
"","","R23","4.7k","Device:R","Resistor_SMD:R_0805_2012Metric_Pad1.20x1.40mm_HandSolder","~"
"","","R24","none","Device:R","Resistor_SMD:R_0805_2012Metric_Pad1.20x1.40mm_HandSolder","~"
"","","R25","1k","Device:R","Resistor_SMD:R_0805_2012Metric_Pad1.20x1.40mm_HandSolder","~"
"","","R26","1k","Device:R","Resistor_SMD:R_0805_2012Metric_Pad1.20x1.40mm_HandSolder","~"
"","","R27","10k","Device:R","Resistor_SMD:R_0805_2012Metric_Pad1.20x1.40mm_HandSolder","~"
"","","R28","10k","Device:R","Resistor_SMD:R_0805_2012Metric_Pad1.20x1.40mm_HandSolder","~"
"","","R29","470R","Device:R","Resistor_SMD:R_0805_2012Metric_Pad1.20x1.40mm_HandSolder","~"
"","","R30","10k","Device:R","Resistor_SMD:R_0805_2012Metric_Pad1.20x1.40mm_HandSolder","~"
"","","R31","470k","Device:R","Resistor_SMD:R_0805_2012Metric_Pad1.20x1.40mm_HandSolder","~"
"","","R32","10k","Device:R","Resistor_SMD:R_0805_2012Metric_Pad1.20x1.40mm_HandSolder","~"
"","","R33","1k","Device:R","Resistor_SMD:R_0805_2012Metric_Pad1.20x1.40mm_HandSolder","~"
"","","R34","1k","Device:R","Resistor_SMD:R_0805_2012Metric_Pad1.20x1.40mm_HandSolder","~"
"","","R35","4.7k","Device:R","Resistor_SMD:R_0805_2012Metric_Pad1.20x1.40mm_HandSolder","~"
"","","R36","4.7k","Device:R","Resistor_SMD:R_0805_2012Metric_Pad1.20x1.40mm_HandSolder","~"
"","","R37","20k","Device:R","Resistor_SMD:R_0805_2012Metric_Pad1.20x1.40mm_HandSolder","~"
"","","R38","470k","Device:R","Resistor_SMD:R_0805_2012Metric_Pad1.20x1.40mm_HandSolder","~"
"","","R39","1M","Device:R","Resistor_SMD:R_0805_2012Metric_Pad1.20x1.40mm_HandSolder","~"
"","","R40","1k","Device:R","Resistor_SMD:R_0805_2012Metric_Pad1.20x1.40mm_HandSolder","~"
"","","R41","10k","Device:R","Resistor_SMD:R_0805_2012Metric_Pad1.20x1.40mm_HandSolder","~"
"","","R42","19k","Device:R","Resistor_SMD:R_0805_2012Metric_Pad1.20x1.40mm_HandSolder","~"
"","","R43","1k","Device:R","Resistor_SMD:R_0805_2012Metric_Pad1.20x1.40mm_HandSolder","~"
"","","R44","33k","Device:R","Resistor_SMD:R_0805_2012Metric_Pad1.20x1.40mm_HandSolder","~"
"","","R45","470R","Device:R","Resistor_SMD:R_0805_2012Metric_Pad1.20x1.40mm_HandSolder","~"
"","","R46","10k","Device:R","Resistor_SMD:R_0805_2012Metric_Pad1.20x1.40mm_HandSolder","~"
"","","R47","1M","Device:R","Resistor_SMD:R_0805_2012Metric_Pad1.20x1.40mm_HandSolder","~"
"","","R48","10k","Device:R","Resistor_SMD:R_0805_2012Metric_Pad1.20x1.40mm_HandSolder","~"
"","","R49","47k","Device:R","Resistor_SMD:R_0805_2012Metric_Pad1.20x1.40mm_HandSolder","~"
"","","R50","220R","Device:R","Resistor_SMD:R_0805_2012Metric_Pad1.20x1.40mm_HandSolder","~"
"","","R51","220R","Device:R","Resistor_SMD:R_0805_2012Metric_Pad1.20x1.40mm_HandSolder","~"
"","","R52","470R","Device:R","Resistor_SMD:R_0805_2012Metric_Pad1.20x1.40mm_HandSolder","~"
"","","R53","10k","Device:R","Resistor_SMD:R_0805_2012Metric_Pad1.20x1.40mm_HandSolder","~"
"","","R54","10k","Device:R","Resistor_SMD:R_0805_2012Metric_Pad1.20x1.40mm_HandSolder","~"
"","","STP1","Short","Device:R","MyLib:SMD-SHORTPIN","~"
"","","SW0","TACT","Switch:SW_Push","Button_Switch_THT:SW_PUSH_6mm_H9.5mm","~"
"","","SW1","TACT","Switch:SW_Push","Button_Switch_THT:SW_PUSH_6mm_H9.5mm","~"
"","","SW2","TACT","Switch:SW_Push","Button_Switch_THT:SW_PUSH_6mm_H9.5mm","~"
"","","SW3","FootSW","Connector_Generic:Conn_01x02","Connector_JST:JST_PH_B2B-PH-K_1x02_P2.00mm_Vertical","~"
"","","U1","LM7805_TO220","Regulator_Linear:LM7805_TO220","Package_TO_SOT_THT:TO-220-3_Vertical","https://www.onsemi.cn/PowerSolutions/document/MC7800-D.PDF"
"","","U2","SeeedXiaoEsp32C3","myGeneral_ICs:SeeedXiaoEsp32C3","MyLib:DIP-14_W15.24",""
"","","U3","TLP2361","Isolator:TLP2768A","Package_SO:SO-6_4.4x3.6mm_P1.27mm","https://toshiba.semicon-storage.com/info/docget.jsp?did=36717&prodName=TLP2768A"
"","","U4","OSL10564-IG","Display_Character:D148K","MyLib:7SEG-OSL","https://ia800903.us.archive.org/24/items/CTKD1x8K/Cromatek%20D168K.pdf"
"","","U5","74HC595","myGeneral_ICs:74HC595","Package_SO:SOP-16_4.55x10.3mm_P1.27mm","http://www.ti.com/lit/ds/symlink/sn74hc595.pdf"
"","","U6","74HC165","myGeneral_ICs:74HC165","Package_SO:SOP-16_4.55x10.3mm_P1.27mm",""
"","","U7","74HC595","myGeneral_ICs:74HC595","Package_SO:SOP-16_4.55x10.3mm_P1.27mm","http://www.ti.com/lit/ds/symlink/sn74hc595.pdf"
"","","U8","AD5263","myGeneral_ICs:AD5263","Package_SO:TSSOP-24_4.4x7.8mm_P0.65mm",""



"Collated Components:"

"Item","Qty","Reference(s)","Value","LibPart","Footprint","Datasheet"
"1","14","C1, C2, C5, C6, C8, C9, C10, C16, C17, C18, C20, C27, C32, C33","0.1u","Device:C","Capacitor_SMD:C_0805_2012Metric_Pad1.18x1.45mm_HandSolder","~"
"2","1","C3","100u","Device:C_Polarized","Capacitor_SMD:CP_Elec_6.3x5.4","~"
"3","2","C4, C34","47u","Device:C_Polarized","Capacitor_SMD:CP_Elec_6.3x5.4","~"
"4","2","C7, C19","1u","Device:C","Capacitor_SMD:C_0805_2012Metric_Pad1.18x1.45mm_HandSolder","~"
"5","1","C11","0.022u","Device:C","Capacitor_SMD:C_0805_2012Metric_Pad1.18x1.45mm_HandSolder","~"
"6","4","C12, C13, C14, C15","0.01u","Device:C","Capacitor_SMD:C_0805_2012Metric_Pad1.18x1.45mm_HandSolder","~"
"7","2","C21, C28","47p","Device:C","Capacitor_SMD:C_0805_2012Metric_Pad1.18x1.45mm_HandSolder","~"
"8","1","C22","150p","Device:C","Capacitor_SMD:C_0805_2012Metric_Pad1.18x1.45mm_HandSolder","~"
"9","2","C23, C24","33n","Device:C","Capacitor_SMD:C_0805_2012Metric_Pad1.18x1.45mm_HandSolder","~"
"10","2","C25, C26","10u","Device:C","Capacitor_SMD:C_0805_2012Metric_Pad1.18x1.45mm_HandSolder","~"
"11","1","C29","0.47u","Device:C","Capacitor_SMD:C_0805_2012Metric_Pad1.18x1.45mm_HandSolder","~"
"12","2","C30, C31","4700p","Device:C","Capacitor_SMD:C_0805_2012Metric_Pad1.18x1.45mm_HandSolder","~"
"13","1","C35","100p","Device:C","Capacitor_SMD:C_0805_2012Metric_Pad1.18x1.45mm_HandSolder","~"
"14","2","D1, D5","1S4","Device:D","Diode_THT:D_A-405_P2.54mm_Vertical_AnodeUp","~"
"15","1","D2","1S4","Device:D_Schottky","Diode_THT:D_A-405_P2.54mm_Vertical_AnodeUp","~"
"16","1","D3","1N4148","Device:D","MyLib:D_SOD-123HSolder","~"
"17","1","D4","1N4007","Device:D","Diode_THT:D_A-405_P2.54mm_Vertical_AnodeUp","~"
"18","2","D6, D7","1N4148","Device:D","Diode_THT:D_A-405_P2.54mm_Vertical_AnodeUp","~"
"19","2","ENC1, ENC2","EC12E2430803","Device:RotaryEncoder","Rotary_Encoder:RotaryEncoder_Alps_EC12E_Vertical_H20mm","~"
"20","2","IC1, IC2","NJM4558","Amplifier_Operational:RC4558","Package_SO:SO-8_5.3x6.2mm_P1.27mm","http://www.ti.com/lit/ds/symlink/rc4558.pdf"
"21","1","J1","MIDI-RCV","Connector_Generic:Conn_01x02","Connector_JST:JST_PH_B2B-PH-K_1x02_P2.00mm_Vertical","~"
"22","1","J2","DC-9V","Connector_Generic:Conn_01x02","Connector_JST:JST_PH_B2B-PH-K_1x02_P2.00mm_Vertical","~"
"23","1","J3","INPUT","Connector:AudioJack2","MyLib:Jack_6.35mm_Cliff_S4","~"
"24","1","J4","OUTPUT","Connector:AudioJack2","MyLib:Jack_6.35mm_Cliff_S4","~"
"25","1","J5","TEST","Connector_Generic:Conn_01x01","Connector_Pin:Pin_D0.9mm_L10.0mm_W2.4mm_FlatFork","~"
"26","1","J6","EXT2","Connector_Generic:Conn_01x02","Connector_JST:JST_PH_B2B-PH-K_1x02_P2.00mm_Vertical","~"
"27","1","J7","EXT3","Connector_Generic:Conn_01x03","Connector_JST:JST_PH_B3B-PH-K_1x03_P2.00mm_Vertical","~"
"28","1","K1","941H-2C-5D","myGeneral_ICs:RY-941Series","MyLib:Relay_941",""
"29","1","LCD1","AQM1602Y-NLW","myGeneral_ICs:AQM1602Y-NLW","MyLib:AQM1602",""
"30","1","LED1","Red","Device:LED","LED_THT:LED_D3.0mm","~"
"31","1","LED2","Yellow","Device:LED","LED_THT:LED_D3.0mm","~"
"32","1","LED3","RX","Device:LED","LED_SMD:LED_0805_2012Metric_Pad1.15x1.40mm_HandSolder","~"
"33","1","Q1","2SC2712","Transistor_BJT:2SC1945","Package_TO_SOT_SMD:SC-59_Handsoldering","http://rtellason.com/transdata/2sc1945.pdf"
"34","2","Q2, Q3","MMBT3904","Transistor_BJT:2N3055","Package_TO_SOT_SMD:SC-59_Handsoldering","http://www.onsemi.com/pub_link/Collateral/2N3055-D.PDF"
"35","8","R1, R6, R25, R26, R33, R34, R40, R43","1k","Device:R","Resistor_SMD:R_0805_2012Metric_Pad1.20x1.40mm_HandSolder","~"
"36","3","R2, R50, R51","220R","Device:R","Resistor_SMD:R_0805_2012Metric_Pad1.20x1.40mm_HandSolder","~"
"37","4","R3, R29, R45, R52","470R","Device:R","Resistor_SMD:R_0805_2012Metric_Pad1.20x1.40mm_HandSolder","~"
"38","19","R4, R5, R14, R15, R16, R17, R18, R19, R20, R21, R27, R28, R30, R32, R41, R46, R48, R53, R54","10k","Device:R","Resistor_SMD:R_0805_2012Metric_Pad1.20x1.40mm_HandSolder","~"
"39","10","R7, R8, R9, R10, R11, R13, R22, R23, R35, R36","4.7k","Device:R","Resistor_SMD:R_0805_2012Metric_Pad1.20x1.40mm_HandSolder","~"
"40","1","R12","short","Device:R","Resistor_SMD:R_0805_2012Metric_Pad1.20x1.40mm_HandSolder","~"
"41","1","R24","none","Device:R","Resistor_SMD:R_0805_2012Metric_Pad1.20x1.40mm_HandSolder","~"
"42","2","R31, R38","470k","Device:R","Resistor_SMD:R_0805_2012Metric_Pad1.20x1.40mm_HandSolder","~"
"43","1","R37","20k","Device:R","Resistor_SMD:R_0805_2012Metric_Pad1.20x1.40mm_HandSolder","~"
"44","2","R39, R47","1M","Device:R","Resistor_SMD:R_0805_2012Metric_Pad1.20x1.40mm_HandSolder","~"
"45","1","R42","19k","Device:R","Resistor_SMD:R_0805_2012Metric_Pad1.20x1.40mm_HandSolder","~"
"46","1","R44","33k","Device:R","Resistor_SMD:R_0805_2012Metric_Pad1.20x1.40mm_HandSolder","~"
"47","1","R49","47k","Device:R","Resistor_SMD:R_0805_2012Metric_Pad1.20x1.40mm_HandSolder","~"
"48","1","STP1","Short","Device:R","MyLib:SMD-SHORTPIN","~"
"49","3","SW0, SW1, SW2","TACT","Switch:SW_Push","Button_Switch_THT:SW_PUSH_6mm_H9.5mm","~"
"50","1","SW3","FootSW","Connector_Generic:Conn_01x02","Connector_JST:JST_PH_B2B-PH-K_1x02_P2.00mm_Vertical","~"
"51","1","U1","LM7805_TO220","Regulator_Linear:LM7805_TO220","Package_TO_SOT_THT:TO-220-3_Vertical","https://www.onsemi.cn/PowerSolutions/document/MC7800-D.PDF"
"52","1","U2","SeeedXiaoEsp32C3","myGeneral_ICs:SeeedXiaoEsp32C3","MyLib:DIP-14_W15.24",""
"53","1","U3","TLP2361","Isolator:TLP2768A","Package_SO:SO-6_4.4x3.6mm_P1.27mm","https://toshiba.semicon-storage.com/info/docget.jsp?did=36717&prodName=TLP2768A"
"54","1","U4","OSL10564-IG","Display_Character:D148K","MyLib:7SEG-OSL","https://ia800903.us.archive.org/24/items/CTKD1x8K/Cromatek%20D168K.pdf"
"55","2","U5, U7","74HC595","myGeneral_ICs:74HC595","Package_SO:SOP-16_4.55x10.3mm_P1.27mm","http://www.ti.com/lit/ds/symlink/sn74hc595.pdf"
"56","1","U6","74HC165","myGeneral_ICs:74HC165","Package_SO:SOP-16_4.55x10.3mm_P1.27mm",""
"57","1","U8","AD5263","myGeneral_ICs:AD5263","Package_SO:TSSOP-24_4.4x7.8mm_P0.65mm",""
